Gilbert Indrajaya,OmNomNom,shinn.gilbert@gmail.com
Roslyn Axtell,roslyn.axtell,rozrocksalot@gmail.com
Alan Chu,alanChu,alan_j_chu@yahoo.com
Alejandro Chang,alejandrochang,alejandrochang10@gmail.com
(Melelatai) Destiny Guttenbeil,mdgoldfish,mdguttenbeil@gmail.com
Jheeran (Jay) Rezvani,jarezvani,jarezvani@gmail.com
Keivon Proctor,Keivon,Keivon.991@gmail.com
